A&W,Keurig Dr Pepper
Ale 8,Ale-8-One Bottling Company
Barq'S,Coca Cola
Crush,Keurig Dr Pepper
Crush Grapefruit,Keurig Dr Pepper
Diet Coke,Coca Cola
Dr Pepper,PepsiCo
Dr. Brown'S Black Cherry,J&R Bottling
Fanta,Coca Cola
Jolt Cola,Wet Planet Beverages
Mello Yello,Coca Cola
Mountain Dew Baja Blast,PepsiCo
Mountain Dew Code Red,PepsiCo
Nehi Soda,Royal Crown Company
Pepsi,PepsiCo
Rc Cola,Keurig Dr Pepper
Sprite,Coca Cola
Squirt,Keurig Dr Pepper
Stewart'S Black Cherry Wishniak Soda,Honickman Group
Vernors,Keurig Dr Pepper
Wild Cherry Pepsi,PepsiCo
Sioux City,White Rock Beverages
Ibc Root Beer,Griesedieck
Strawberry Crush,Keurig Dr Pepper
,
,
,
,
,
,
,
,
,
,
,
,
,
,
,
,
,
,
